uID,variable,factor,.id,source,gray1.2,gray2.2,sex,Source.Global,Source.Primary,Source.Secondary,Country,Location,Language,Weird,Execution,SubjectPool,Setting,Tablet,Pencil,StudyOrderN,IDiffOrderN,study.order,analysis.type,subset,case.include
98,2,Adult harms Baby,ML2_Slate2_CanadaEng_online_DEPLOY__carleton_r.csv,carleton,2,,2,carleton,carleton,carleton,Canada,"Carleton University, Ottawa, Canada",English,1,,Yes,Online (at home),Unable to verify (completed online) but likely mostly computers,"No, the whole study was on the computer (except maybe consent/debriefing)",Ross.Slate2|Tversky.Gati|Hsee|Savani|Zhong|Shafir|Gray|Schwarz|Knobe|Tversky|Hauser|Norenzayan|Risen|Zaval|Geissner,ID: Mood|ID: Global self-esteem SISE|ID: TIPI for Big-Five|ID: Cognitive reflection|ID: Subjective wellbeing,7,Global,all,TRUE
99,3,Adult harms Baby,ML2_Slate2_CanadaEng_online_DEPLOY__carleton_r.csv,carleton,3,,1,carleton,carleton,carleton,Canada,"Carleton University, Ottawa, Canada",English,1,,Yes,Online (at home),Unable to verify (completed online) but likely mostly computers,"No, the whole study was on the computer (except maybe consent/debriefing)",Savani|Tversky.Gati|Knobe|Zaval|Hauser|Zhong|Tversky|Schwarz|Risen|Ross.Slate2|Norenzayan|Shafir|Gray|Geissner|Hsee,ID: Cognitive reflection|ID: Mood|ID: Global self-esteem SISE|ID: Subjective wellbeing|ID: TIPI for Big-Five,13,Global,all,TRUE
100,7,Adult harms Baby,ML2_Slate2_CanadaEng_online_DEPLOY__carleton_r.csv,carleton,7,,2,carleton,carleton,carleton,Canada,"Carleton University, Ottawa, Canada",English,1,,Yes,Online (at home),Unable to verify (completed online) but likely mostly computers,"No, the whole study was on the computer (except maybe consent/debriefing)",Zaval|Hsee|Ross.Slate2|Tversky|Tversky.Gati|Zhong|Risen|Norenzayan|Savani|Gray|Hauser|Shafir|Knobe|Schwarz|Geissner,ID: Mood|ID: Cognitive reflection|ID: Global self-esteem SISE|ID: TIPI for Big-Five|ID: Subjective wellbeing,10,Global,all,TRUE
101,5,Adult harms Baby,ML2_Slate2_CanadaEng_online_DEPLOY__carleton_r.csv,carleton,5,,2,carleton,carleton,carleton,Canada,"Carleton University, Ottawa, Canada",English,1,,Yes,Online (at home),Unable to verify (completed online) but likely mostly computers,"No, the whole study was on the computer (except maybe consent/debriefing)",Hsee|Knobe|Hauser|Zaval|Ross.Slate2|Savani|Tversky|Risen|Geissner|Tversky.Gati|Gray|Schwarz|Zhong|Norenzayan|Shafir,ID: Cognitive reflection|ID: Global self-esteem SISE|ID: Subjective wellbeing|ID: TIPI for Big-Five|ID: Mood,11,Global,all,TRUE
102,6,Adult harms Baby,ML2_Slate2_CanadaEng_online_DEPLOY__carleton_r.csv,carleton,6,,2,carleton,carleton,carleton,Canada,"Carleton University, Ottawa, Canada",English,1,,Yes,Online (at home),Unable to verify (completed online) but likely mostly computers,"No, the whole study was on the computer (except maybe consent/debriefing)",Hsee|Ross.Slate2|Zaval|Knobe|Schwarz|Zhong|Norenzayan|Gray|Tversky.Gati|Risen|Geissner|Savani|Tversky|Hauser|Shafir,ID: Mood|ID: Subjective wellbeing|ID: TIPI for Big-Five|ID: Global self-esteem SISE|ID: Cognitive reflection,8,Global,all,TRUE
104,7,Adult harms Baby,ML2_Slate2_CanadaEng_online_DEPLOY__carleton_r.csv,carleton,7,,2,carleton,carleton,carleton,Canada,"Carleton University, Ottawa, Canada",English,1,,Yes,Online (at home),Unable to verify (completed online) but likely mostly computers,"No, the whole study was on the computer (except maybe consent/debriefing)",Zaval|Hsee|Zhong|Knobe|Shafir|Ross.Slate2|Savani|Risen|Norenzayan|Gray|Tversky|Schwarz|Hauser|Tversky.Gati|Geissner,ID: Subjective wellbeing|ID: Global self-esteem SISE|ID: TIPI for Big-Five|ID: Cognitive reflection|ID: Mood,10,Global,all,TRUE
105,3,Adult harms Baby,ML2_Slate2_CanadaEng_online_DEPLOY__carleton_r.csv,carleton,3,,,carleton,carleton,carleton,Canada,"Carleton University, Ottawa, Canada",English,1,,Yes,Online (at home),Unable to verify (completed online) but likely mostly computers,"No, the whole study was on the computer (except maybe consent/debriefing)",Norenzayan|Hsee|Zaval|Schwarz|Shafir|Ross.Slate2|Gray|Risen|Zhong|Geissner|Tversky.Gati|Knobe|Savani|Hauser|Tversky,ID: Mood|ID: Subjective wellbeing|ID: Cognitive reflection|ID: TIPI for Big-Five|ID: Global self-esteem SISE,7,Global,all,TRUE
107,6,Adult harms Baby,ML2_Slate2_CanadaEng_online_DEPLOY__carleton_r.csv,carleton,6,,2,carleton,carleton,carleton,Canada,"Carleton University, Ottawa, Canada",English,1,,Yes,Online (at home),Unable to verify (completed online) but likely mostly computers,"No, the whole study was on the computer (except maybe consent/debriefing)",Hauser|Savani|Knobe|Tversky.Gati|Norenzayan|Zhong|Shafir|Risen|Schwarz|Geissner|Gray|Ross.Slate2|Hsee|Tversky|Zaval,ID: Mood|ID: Global self-esteem SISE|ID: Subjective wellbeing|ID: TIPI for Big-Five|ID: Cognitive reflection,11,Global,all,TRUE
108,7,Adult harms Baby,ML2_Slate2_CanadaEng_online_DEPLOY__carleton_r.csv,carleton,7,,2,carleton,carleton,carleton,Canada,"Carleton University, Ottawa, Canada",English,1,,Yes,Online (at home),Unable to verify (completed online) but likely mostly computers,"No, the whole study was on the computer (except maybe consent/debriefing)",Gray|Ross.Slate2|Savani|Zaval|Norenzayan|Schwarz|Knobe|Hauser|Tversky|Risen|Geissner|Tversky.Gati|Hsee|Shafir|Zhong,ID: Mood|ID: Global self-esteem SISE|ID: Subjective wellbeing|ID: Cognitive reflection|ID: TIPI for Big-Five,1,Global,all,TRUE
109,2,Adult harms Baby,ML2_Slate2_CanadaEng_online_DEPLOY__carleton_r.csv,carleton,2,,2,carleton,carleton,carleton,Canada,"Carleton University, Ottawa, Canada",English,1,,Yes,Online (at home),Unable to verify (completed online) but likely mostly computers,"No, the whole study was on the computer (except maybe consent/debriefing)",Schwarz|Savani|Tversky|Geissner|Gray|Risen|Knobe|Norenzayan|Zaval|Ross.Slate2|Shafir|Tversky.Gati|Zhong|Hauser|Hsee,ID: Subjective wellbeing|ID: Mood|ID: TIPI for Big-Five|ID: Cognitive reflection|ID: Global self-esteem SISE,5,Global,all,TRUE
110,7,Adult harms Baby,ML2_Slate2_CanadaEng_online_DEPLOY__carleton_r.csv,carleton,7,,2,carleton,carleton,carleton,Canada,"Carleton University, Ottawa, Canada",English,1,,Yes,Online (at home),Unable to verify (completed online) but likely mostly computers,"No, the whole study was on the computer (except maybe consent/debriefing)",Shafir|Tversky.Gati|Ross.Slate2|Risen|Schwarz|Zhong|Savani|Tversky|Zaval|Norenzayan|Knobe|Gray|Hsee|Geissner|Hauser,ID: Global self-esteem SISE|ID: TIPI for Big-Five|ID: Mood|ID: Subjective wellbeing|ID: Cognitive reflection,12,Global,all,TRUE
112,7,Adult harms Baby,ML2_Slate2_CanadaEng_online_DEPLOY__carleton_r.csv,carleton,7,,2,carleton,carleton,carleton,Canada,"Carleton University, Ottawa, Canada",English,1,,Yes,Online (at home),Unable to verify (completed online) but likely mostly computers,"No, the whole study was on the computer (except maybe consent/debriefing)",Savani|Hauser|Tversky.Gati|Zaval|Zhong|Norenzayan|Gray|Schwarz|Geissner|Knobe|Hsee|Ross.Slate2|Shafir|Tversky|Risen,ID: Cognitive reflection|ID: Mood|ID: Global self-esteem SISE|ID: Subjective wellbeing|ID: TIPI for Big-Five,7,Global,all,TRUE
115,6,Adult harms Baby,ML2_Slate2_CanadaEng_online_DEPLOY__carleton_r.csv,carleton,6,,2,carleton,carleton,carleton,Canada,"Carleton University, Ottawa, Canada",English,1,,Yes,Online (at home),Unable to verify (completed online) but likely mostly computers,"No, the whole study was on the computer (except maybe consent/debriefing)",Hsee|Tversky.Gati|Zaval|Norenzayan|Risen|Knobe|Zhong|Ross.Slate2|Gray|Geissner|Hauser|Tversky|Savani|Shafir|Schwarz,ID: Subjective wellbeing|ID: Cognitive reflection|ID: Mood|ID: TIPI for Big-Five|ID: Global self-esteem SISE,9,Global,all,TRUE
116,6,Adult harms Baby,ML2_Slate2_CanadaEng_online_DEPLOY__carleton_r.csv,carleton,6,,2,carleton,carleton,carleton,Canada,"Carleton University, Ottawa, Canada",English,1,,Yes,Online (at home),Unable to verify (completed online) but likely mostly computers,"No, the whole study was on the computer (except maybe consent/debriefing)",Tversky.Gati|Knobe|Schwarz|Ross.Slate2|Tversky|Hsee|Gray|Zaval|Risen|Savani|Norenzayan|Zhong|Shafir|Hauser|Geissner,ID: Mood|ID: Global self-esteem SISE|ID: TIPI for Big-Five|ID: Cognitive reflection|ID: Subjective wellbeing,7,Global,all,TRUE
117,7,Adult harms Baby,ML2_Slate2_CanadaEng_online_DEPLOY__carleton_r.csv,carleton,7,,1,carleton,carleton,carleton,Canada,"Carleton University, Ottawa, Canada",English,1,,Yes,Online (at home),Unable to verify (completed online) but likely mostly computers,"No, the whole study was on the computer (except maybe consent/debriefing)",Risen|Knobe|Gray|Hauser|Shafir|Zaval|Ross.Slate2|Hsee|Savani|Norenzayan|Geissner|Tversky.Gati|Zhong|Schwarz|Tversky,ID: TIPI for Big-Five|ID: Cognitive reflection|ID: Subjective wellbeing|ID: Global self-esteem SISE|ID: Mood,3,Global,all,TRUE
118,7,Adult harms Baby,ML2_Slate2_CanadaEng_online_DEPLOY__carleton_r.csv,carleton,7,,2,carleton,carleton,carleton,Canada,"Carleton University, Ottawa, Canada",English,1,,Yes,Online (at home),Unable to verify (completed online) but likely mostly computers,"No, the whole study was on the computer (except maybe consent/debriefing)",Gray|Norenzayan|Zaval|Schwarz|Savani|Tversky|Hauser|Tversky.Gati|Shafir|Geissner|Risen|Knobe|Hsee|Zhong|Ross.Slate2,ID: Cognitive reflection|ID: Global self-esteem SISE|ID: TIPI for Big-Five|ID: Subjective wellbeing|ID: Mood,1,Global,all,TRUE
124,4,Adult harms Baby,ML2_Slate2_CanadaEng_online_DEPLOY__carleton_r.csv,carleton,4,,2,carleton,carleton,carleton,Canada,"Carleton University, Ottawa, Canada",English,1,,Yes,Online (at home),Unable to verify (completed online) but likely mostly computers,"No, the whole study was on the computer (except maybe consent/debriefing)",Tversky|Zaval|Zhong|Hsee|Norenzayan|Geissner|Shafir|Hauser|Tversky.Gati|Risen|Knobe|Schwarz|Savani|Ross.Slate2|Gray,ID: Mood|ID: Subjective wellbeing|ID: Cognitive reflection|ID: Global self-esteem SISE|ID: TIPI for Big-Five,15,Global,all,TRUE
126,6,Adult harms Baby,ML2_Slate2_CanadaEng_online_DEPLOY__carleton_r.csv,carleton,6,,2,carleton,carleton,carleton,Canada,"Carleton University, Ottawa, Canada",English,1,,Yes,Online (at home),Unable to verify (completed online) but likely mostly computers,"No, the whole study was on the computer (except maybe consent/debriefing)",Knobe|Tversky|Norenzayan|Gray|Tversky.Gati|Ross.Slate2|Hsee|Geissner|Savani|Schwarz|Zhong|Risen|Shafir|Hauser|Zaval,ID: TIPI for Big-Five|ID: Global self-esteem SISE|ID: Mood|ID: Cognitive reflection|ID: Subjective wellbeing,4,Global,all,TRUE
128,7,Adult harms Baby,ML2_Slate2_CanadaEng_online_DEPLOY__carleton_r.csv,carleton,7,,2,carleton,carleton,carleton,Canada,"Carleton University, Ottawa, Canada",English,1,,Yes,Online (at home),Unable to verify (completed online) but likely mostly computers,"No, the whole study was on the computer (except maybe consent/debriefing)",Zaval|Savani|Norenzayan|Geissner|Gray|Schwarz|Hauser|Knobe|Hsee|Zhong|Tversky|Risen|Tversky.Gati|Shafir|Ross.Slate2,ID: TIPI for Big-Five|ID: Mood|ID: Cognitive reflection|ID: Subjective wellbeing|ID: Global self-esteem SISE,5,Global,all,TRUE
130,5,Adult harms Baby,ML2_Slate2_CanadaEng_online_DEPLOY__carleton_r.csv,carleton,5,,2,carleton,carleton,carleton,Canada,"Carleton University, Ottawa, Canada",English,1,,Yes,Online (at home),Unable to verify (completed online) but likely mostly computers,"No, the whole study was on the computer (except maybe consent/debriefing)",Tversky|Norenzayan|Risen|Knobe|Hauser|Shafir|Savani|Tversky.Gati|Schwarz|Hsee|Geissner|Gray|Zaval|Zhong|Ross.Slate2,ID: Subjective wellbeing|ID: TIPI for Big-Five|ID: Cognitive reflection|ID: Mood|ID: Global self-esteem SISE,12,Global,all,TRUE
131,7,Adult harms Baby,ML2_Slate2_CanadaEng_online_DEPLOY__carleton_r.csv,carleton,7,,2,carleton,carleton,carleton,Canada,"Carleton University, Ottawa, Canada",English,1,,Yes,Online (at home),Unable to verify (completed online) but likely mostly computers,"No, the whole study was on the computer (except maybe consent/debriefing)",Shafir|Tversky.Gati|Hsee|Zaval|Tversky|Gray|Zhong|Savani|Norenzayan|Geissner|Hauser|Ross.Slate2|Knobe|Schwarz|Risen,ID: Mood|ID: TIPI for Big-Five|ID: Cognitive reflection|ID: Subjective wellbeing|ID: Global self-esteem SISE,6,Global,all,TRUE
134,6,Adult harms Baby,ML2_Slate2_CanadaEng_online_DEPLOY__carleton_r.csv,carleton,6,,2,carleton,carleton,carleton,Canada,"Carleton University, Ottawa, Canada",English,1,,Yes,Online (at home),Unable to verify (completed online) but likely mostly computers,"No, the whole study was on the computer (except maybe consent/debriefing)",Geissner|Gray|Shafir|Knobe|Schwarz|Tversky.Gati|Ross.Slate2|Zaval|Savani|Tversky|Zhong|Norenzayan|Risen|Hauser|Hsee,ID: TIPI for Big-Five|ID: Mood|ID: Subjective wellbeing|ID: Global self-esteem SISE|ID: Cognitive reflection,2,Global,all,TRUE
138,6,Adult harms Baby,ML2_Slate2_CanadaEng_online_DEPLOY__carleton_r.csv,carleton,6,,2,carleton,carleton,carleton,Canada,"Carleton University, Ottawa, Canada",English,1,,Yes,Online (at home),Unable to verify (completed online) but likely mostly computers,"No, the whole study was on the computer (except maybe consent/debriefing)",Savani|Tversky|Risen|Shafir|Ross.Slate2|Norenzayan|Knobe|Tversky.Gati|Hauser|Gray|Schwarz|Hsee|Zhong|Zaval|Geissner,ID: Mood|ID: TIPI for Big-Five|ID: Subjective wellbeing|ID: Global self-esteem SISE|ID: Cognitive reflection,10,Global,all,TRUE
142,6,Adult harms Baby,ML2_Slate2_CanadaEng_online_DEPLOY__carleton_r.csv,carleton,6,,2,carleton,carleton,carleton,Canada,"Carleton University, Ottawa, Canada",English,1,,Yes,Online (at home),Unable to verify (completed online) but likely mostly computers,"No, the whole study was on the computer (except maybe consent/debriefing)",Risen|Tversky|Schwarz|Knobe|Gray|Ross.Slate2|Tversky.Gati|Hauser|Shafir|Zaval|Hsee|Zhong|Norenzayan|Savani|Geissner,ID: Mood|ID: Global self-esteem SISE|ID: Cognitive reflection|ID: Subjective wellbeing|ID: TIPI for Big-Five,5,Global,all,TRUE
144,3,Adult harms Baby,ML2_Slate2_CanadaEng_online_DEPLOY__carleton_r.csv,carleton,3,,1,carleton,carleton,carleton,Canada,"Carleton University, Ottawa, Canada",English,1,,Yes,Online (at home),Unable to verify (completed online) but likely mostly computers,"No, the whole study was on the computer (except maybe consent/debriefing)",Ross.Slate2|Savani|Geissner|Schwarz|Tversky|Zhong|Shafir|Gray|Risen|Tversky.Gati|Knobe|Zaval|Norenzayan|Hsee|Hauser,ID: Subjective wellbeing|ID: Cognitive reflection|ID: Global self-esteem SISE|ID: Mood|ID: TIPI for Big-Five,8,Global,all,TRUE
146,7,Adult harms Baby,ML2_Slate2_CanadaEng_online_DEPLOY__carleton_r.csv,carleton,7,,2,carleton,carleton,carleton,Canada,"Carleton University, Ottawa, Canada",English,1,,Yes,Online (at home),Unable to verify (completed online) but likely mostly computers,"No, the whole study was on the computer (except maybe consent/debriefing)",Savani|Schwarz|Zhong|Shafir|Tversky.Gati|Tversky|Risen|Zaval|Geissner|Hsee|Gray|Ross.Slate2|Hauser|Knobe|Norenzayan,ID: Subjective wellbeing|ID: Mood|ID: Global self-esteem SISE|ID: Cognitive reflection|ID: TIPI for Big-Five,11,Global,all,TRUE
150,7,Adult harms Baby,ML2_Slate2_CanadaEng_online_DEPLOY__carleton_r.csv,carleton,7,,2,carleton,carleton,carleton,Canada,"Carleton University, Ottawa, Canada",English,1,,Yes,Online (at home),Unable to verify (completed online) but likely mostly computers,"No, the whole study was on the computer (except maybe consent/debriefing)",Geissner|Zaval|Savani|Zhong|Hsee|Norenzayan|Gray|Tversky.Gati|Risen|Hauser|Tversky|Schwarz|Knobe|Ross.Slate2|Shafir,ID: Subjective wellbeing|ID: Cognitive reflection|ID: Mood|ID: Global self-esteem SISE|ID: TIPI for Big-Five,7,Global,all,TRUE
151,5,Adult harms Baby,ML2_Slate2_CanadaEng_online_DEPLOY__carleton_r.csv,carleton,5,,2,carleton,carleton,carleton,Canada,"Carleton University, Ottawa, Canada",English,1,,Yes,Online (at home),Unable to verify (completed online) but likely mostly computers,"No, the whole study was on the computer (except maybe consent/debriefing)",Hsee|Shafir|Knobe|Risen|Hauser|Tversky.Gati|Zaval|Schwarz|Tversky|Gray|Savani|Zhong|Norenzayan|Ross.Slate2|Geissner,ID: Cognitive reflection|ID: TIPI for Big-Five|ID: Mood|ID: Global self-esteem SISE|ID: Subjective wellbeing,10,Global,all,TRUE
159,5,Adult harms Baby,ML2_Slate2_CanadaEng_online_DEPLOY__carleton_r.csv,carleton,5,,2,carleton,carleton,carleton,Canada,"Carleton University, Ottawa, Canada",English,1,,Yes,Online (at home),Unable to verify (completed online) but likely mostly computers,"No, the whole study was on the computer (except maybe consent/debriefing)",Savani|Ross.Slate2|Geissner|Hsee|Knobe|Shafir|Norenzayan|Zaval|Tversky|Gray|Hauser|Zhong|Risen|Schwarz|Tversky.Gati,ID: Cognitive reflection|ID: Subjective wellbeing|ID: Global self-esteem SISE|ID: TIPI for Big-Five|ID: Mood,10,Global,all,TRUE
160,5,Adult harms Baby,ML2_Slate2_CanadaEng_online_DEPLOY__carleton_r.csv,carleton,5,,2,carleton,carleton,carleton,Canada,"Carleton University, Ottawa, Canada",English,1,,Yes,Online (at home),Unable to verify (completed online) but likely mostly computers,"No, the whole study was on the computer (except maybe consent/debriefing)",Risen|Hsee|Hauser|Norenzayan|Tversky|Geissner|Knobe|Tversky.Gati|Shafir|Savani|Schwarz|Gray|Ross.Slate2|Zhong|Zaval,ID: TIPI for Big-Five|ID: Subjective wellbeing|ID: Global self-esteem SISE|ID: Mood|ID: Cognitive reflection,12,Global,all,TRUE
161,6,Adult harms Baby,ML2_Slate2_CanadaEng_online_DEPLOY__carleton_r.csv,carleton,6,,2,carleton,carleton,carleton,Canada,"Carleton University, Ottawa, Canada",English,1,,Yes,Online (at home),Unable to verify (completed online) but likely mostly computers,"No, the whole study was on the computer (except maybe consent/debriefing)",Schwarz|Knobe|Zhong|Tversky|Geissner|Shafir|Hauser|Hsee|Ross.Slate2|Tversky.Gati|Risen|Zaval|Norenzayan|Savani|Gray,ID: Subjective wellbeing|ID: Mood|ID: Global self-esteem SISE|ID: TIPI for Big-Five|ID: Cognitive reflection,15,Global,all,TRUE
163,7,Adult harms Baby,ML2_Slate2_CanadaEng_online_DEPLOY__carleton_r.csv,carleton,7,,1,carleton,carleton,carleton,Canada,"Carleton University, Ottawa, Canada",English,1,,Yes,Online (at home),Unable to verify (completed online) but likely mostly computers,"No, the whole study was on the computer (except maybe consent/debriefing)",Norenzayan|Gray|Ross.Slate2|Knobe|Risen|Tversky|Shafir|Hsee|Savani|Geissner|Tversky.Gati|Zaval|Schwarz|Zhong|Hauser,ID: Subjective wellbeing|ID: Mood|ID: Cognitive reflection|ID: TIPI for Big-Five|ID: Global self-esteem SISE,2,Global,all,TRUE
165,6,Adult harms Baby,ML2_Slate2_CanadaEng_online_DEPLOY__carleton_r.csv,carleton,6,,1,carleton,carleton,carleton,Canada,"Carleton University, Ottawa, Canada",English,1,,Yes,Online (at home),Unable to verify (completed online) but likely mostly computers,"No, the whole study was on the computer (except maybe consent/debriefing)",Norenzayan|Hsee|Geissner|Zhong|Risen|Knobe|Savani|Ross.Slate2|Gray|Tversky.Gati|Zaval|Hauser|Shafir|Tversky|Schwarz,ID: Mood|ID: Subjective wellbeing|ID: Global self-esteem SISE|ID: Cognitive reflection|ID: TIPI for Big-Five,9,Global,all,TRUE
166,5,Adult harms Baby,ML2_Slate2_CanadaEng_online_DEPLOY__carleton_r.csv,carleton,5,,2,carleton,carleton,carleton,Canada,"Carleton University, Ottawa, Canada",English,1,,Yes,Online (at home),Unable to verify (completed online) but likely mostly computers,"No, the whole study was on the computer (except maybe consent/debriefing)",Ross.Slate2|Knobe|Shafir|Zhong|Tversky.Gati|Hauser|Schwarz|Zaval|Risen|Gray|Tversky|Geissner|Norenzayan|Hsee|Savani,ID: Cognitive reflection|ID: TIPI for Big-Five|ID: Mood|ID: Subjective wellbeing|ID: Global self-esteem SISE,10,Global,all,TRUE
167,5,Adult harms Baby,ML2_Slate2_CanadaEng_online_DEPLOY__carleton_r.csv,carleton,5,,2,carleton,carleton,carleton,Canada,"Carleton University, Ottawa, Canada",English,1,,Yes,Online (at home),Unable to verify (completed online) but likely mostly computers,"No, the whole study was on the computer (except maybe consent/debriefing)",Hauser|Shafir|Norenzayan|Hsee|Tversky.Gati|Zhong|Geissner|Ross.Slate2|Knobe|Zaval|Gray|Tversky|Schwarz|Savani|Risen,ID: Mood|ID: Subjective wellbeing|ID: Global self-esteem SISE|ID: Cognitive reflection|ID: TIPI for Big-Five,11,Global,all,TRUE
169,3,Adult harms Baby,ML2_Slate2_CanadaEng_online_DEPLOY__carleton_r.csv,carleton,3,,1,carleton,carleton,carleton,Canada,"Carleton University, Ottawa, Canada",English,1,,Yes,Online (at home),Unable to verify (completed online) but likely mostly computers,"No, the whole study was on the computer (except maybe consent/debriefing)",Tversky|Shafir|Savani|Hauser|Zaval|Ross.Slate2|Hsee|Knobe|Tversky.Gati|Norenzayan|Risen|Zhong|Schwarz|Geissner|Gray,ID: Subjective wellbeing|ID: Mood|ID: Cognitive reflection|ID: TIPI for Big-Five|ID: Global self-esteem SISE,15,Global,all,TRUE
172,6,Adult harms Baby,ML2_Slate2_CanadaEng_online_DEPLOY__carleton_r.csv,carleton,6,,2,carleton,carleton,carleton,Canada,"Carleton University, Ottawa, Canada",English,1,,Yes,Online (at home),Unable to verify (completed online) but likely mostly computers,"No, the whole study was on the computer (except maybe consent/debriefing)",Schwarz|Ross.Slate2|Hsee|Tversky|Zaval|Knobe|Risen|Hauser|Tversky.Gati|Savani|Zhong|Gray|Geissner|Norenzayan|Shafir,ID: TIPI for Big-Five|ID: Cognitive reflection|ID: Subjective wellbeing|ID: Global self-esteem SISE|ID: Mood,12,Global,all,TRUE
174,6,Adult harms Baby,ML2_Slate2_CanadaEng_online_DEPLOY__carleton_r.csv,carleton,6,,2,carleton,carleton,carleton,Canada,"Carleton University, Ottawa, Canada",English,1,,Yes,Online (at home),Unable to verify (completed online) but likely mostly computers,"No, the whole study was on the computer (except maybe consent/debriefing)",Zaval|Savani|Ross.Slate2|Norenzayan|Shafir|Geissner|Tversky.Gati|Hauser|Hsee|Schwarz|Zhong|Gray|Tversky|Knobe|Risen,ID: Global self-esteem SISE|ID: Subjective wellbeing|ID: Mood|ID: Cognitive reflection|ID: TIPI for Big-Five,12,Global,all,TRUE
175,7,Adult harms Baby,ML2_Slate2_CanadaEng_online_DEPLOY__carleton_r.csv,carleton,7,,1,carleton,carleton,carleton,Canada,"Carleton University, Ottawa, Canada",English,1,,Yes,Online (at home),Unable to verify (completed online) but likely mostly computers,"No, the whole study was on the computer (except maybe consent/debriefing)",Shafir|Geissner|Tversky|Zaval|Savani|Risen|Zhong|Tversky.Gati|Norenzayan|Hauser|Knobe|Ross.Slate2|Gray|Hsee|Schwarz,ID: Subjective wellbeing|ID: Mood|ID: TIPI for Big-Five|ID: Cognitive reflection|ID: Global self-esteem SISE,13,Global,all,TRUE
176,5,Adult harms Baby,ML2_Slate2_CanadaEng_online_DEPLOY__carleton_r.csv,carleton,5,,2,carleton,carleton,carleton,Canada,"Carleton University, Ottawa, Canada",English,1,,Yes,Online (at home),Unable to verify (completed online) but likely mostly computers,"No, the whole study was on the computer (except maybe consent/debriefing)",Hauser|Schwarz|Gray|Geissner|Savani|Ross.Slate2|Zaval|Norenzayan|Knobe|Hsee|Shafir|Tversky|Tversky.Gati|Risen|Zhong,ID: Global self-esteem SISE|ID: Subjective wellbeing|ID: TIPI for Big-Five|ID: Mood|ID: Cognitive reflection,3,Global,all,TRUE
177,4,Adult harms Baby,ML2_Slate2_CanadaEng_online_DEPLOY__carleton_r.csv,carleton,4,,2,carleton,carleton,carleton,Canada,"Carleton University, Ottawa, Canada",English,1,,Yes,Online (at home),Unable to verify (completed online) but likely mostly computers,"No, the whole study was on the computer (except maybe consent/debriefing)",Zaval|Norenzayan|Hauser|Zhong|Tversky|Risen|Geissner|Knobe|Hsee|Schwarz|Savani|Gray|Tversky.Gati|Ross.Slate2|Shafir,ID: Subjective wellbeing|ID: Mood|ID: Cognitive reflection|ID: Global self-esteem SISE|ID: TIPI for Big-Five,12,Global,all,TRUE
178,7,Adult harms Baby,ML2_Slate2_CanadaEng_online_DEPLOY__carleton_r.csv,carleton,7,,2,carleton,carleton,carleton,Canada,"Carleton University, Ottawa, Canada",English,1,,Yes,Online (at home),Unable to verify (completed online) but likely mostly computers,"No, the whole study was on the computer (except maybe consent/debriefing)",Ross.Slate2|Risen|Geissner|Hauser|Tversky.Gati|Zaval|Tversky|Gray|Shafir|Hsee|Schwarz|Zhong|Savani|Knobe|Norenzayan,ID: Mood|ID: TIPI for Big-Five|ID: Global self-esteem SISE|ID: Subjective wellbeing|ID: Cognitive reflection,8,Global,all,TRUE
180,7,Adult harms Baby,ML2_Slate2_CanadaEng_online_DEPLOY__carleton_r.csv,carleton,7,,2,carleton,carleton,carleton,Canada,"Carleton University, Ottawa, Canada",English,1,,Yes,Online (at home),Unable to verify (completed online) but likely mostly computers,"No, the whole study was on the computer (except maybe consent/debriefing)",Tversky|Risen|Geissner|Norenzayan|Schwarz|Zhong|Zaval|Hsee|Knobe|Hauser|Ross.Slate2|Gray|Tversky.Gati|Savani|Shafir,ID: TIPI for Big-Five|ID: Mood|ID: Subjective wellbeing|ID: Global self-esteem SISE|ID: Cognitive reflection,12,Global,all,TRUE
181,7,Adult harms Baby,ML2_Slate2_CanadaEng_online_DEPLOY__carleton_r.csv,carleton,7,,2,carleton,carleton,carleton,Canada,"Carleton University, Ottawa, Canada",English,1,,Yes,Online (at home),Unable to verify (completed online) but likely mostly computers,"No, the whole study was on the computer (except maybe consent/debriefing)",Schwarz|Geissner|Shafir|Tversky|Zhong|Gray|Risen|Norenzayan|Savani|Tversky.Gati|Ross.Slate2|Zaval|Hauser|Knobe|Hsee,ID: Global self-esteem SISE|ID: Mood|ID: Cognitive reflection|ID: Subjective wellbeing|ID: TIPI for Big-Five,6,Global,all,TRUE
182,7,Adult harms Baby,ML2_Slate2_CanadaEng_online_DEPLOY__carleton_r.csv,carleton,7,,2,carleton,carleton,carleton,Canada,"Carleton University, Ottawa, Canada",English,1,,Yes,Online (at home),Unable to verify (completed online) but likely mostly computers,"No, the whole study was on the computer (except maybe consent/debriefing)",Geissner|Schwarz|Zhong|Tversky.Gati|Tversky|Savani|Zaval|Shafir|Ross.Slate2|Gray|Risen|Norenzayan|Hauser|Hsee|Knobe,ID: Subjective wellbeing|ID: Global self-esteem SISE|ID: TIPI for Big-Five|ID: Cognitive reflection|ID: Mood,10,Global,all,TRUE
184,6,Adult harms Baby,ML2_Slate2_CanadaEng_online_DEPLOY__carleton_r.csv,carleton,6,,2,carleton,carleton,carleton,Canada,"Carleton University, Ottawa, Canada",English,1,,Yes,Online (at home),Unable to verify (completed online) but likely mostly computers,"No, the whole study was on the computer (except maybe consent/debriefing)",Shafir|Zaval|Tversky|Gray|Savani|Zhong|Ross.Slate2|Knobe|Tversky.Gati|Risen|Hauser|Geissner|Schwarz|Hsee|Norenzayan,ID: TIPI for Big-Five|ID: Cognitive reflection|ID: Subjective wellbeing|ID: Mood|ID: Global self-esteem SISE,4,Global,all,TRUE
186,6,Adult harms Baby,ML2_Slate2_CanadaEng_online_DEPLOY__carleton_r.csv,carleton,6,,1,carleton,carleton,carleton,Canada,"Carleton University, Ottawa, Canada",English,1,,Yes,Online (at home),Unable to verify (completed online) but likely mostly computers,"No, the whole study was on the computer (except maybe consent/debriefing)",Ross.Slate2|Zaval|Tversky|Norenzayan|Gray|Hauser|Shafir|Schwarz|Hsee|Risen|Geissner|Tversky.Gati|Zhong|Savani|Knobe,ID: Subjective wellbeing|ID: TIPI for Big-Five|ID: Global self-esteem SISE|ID: Mood|ID: Cognitive reflection,5,Global,all,TRUE
188,7,Adult harms Baby,ML2_Slate2_CanadaEng_online_DEPLOY__carleton_r.csv,carleton,7,,2,carleton,carleton,carleton,Canada,"Carleton University, Ottawa, Canada",English,1,,Yes,Online (at home),Unable to verify (completed online) but likely mostly computers,"No, the whole study was on the computer (except maybe consent/debriefing)",Zhong|Knobe|Tversky|Hsee|Geissner|Schwarz|Hauser|Ross.Slate2|Savani|Risen|Shafir|Gray|Norenzayan|Zaval|Tversky.Gati,ID: Subjective wellbeing|ID: Global self-esteem SISE|ID: TIPI for Big-Five|ID: Mood|ID: Cognitive reflection,12,Global,all,TRUE
189,5,Adult harms Baby,ML2_Slate2_CanadaEng_online_DEPLOY__carleton_r.csv,carleton,5,,2,carleton,carleton,carleton,Canada,"Carleton University, Ottawa, Canada",English,1,,Yes,Online (at home),Unable to verify (completed online) but likely mostly computers,"No, the whole study was on the computer (except maybe consent/debriefing)",Risen|Geissner|Savani|Zhong|Zaval|Gray|Tversky.Gati|Knobe|Shafir|Hsee|Norenzayan|Schwarz|Tversky|Hauser|Ross.Slate2,ID: Global self-esteem SISE|ID: Subjective wellbeing|ID: TIPI for Big-Five|ID: Mood|ID: Cognitive reflection,6,Global,all,TRUE
190,7,Adult harms Baby,ML2_Slate2_CanadaEng_online_DEPLOY__carleton_r.csv,carleton,7,,1,carleton,carleton,carleton,Canada,"Carleton University, Ottawa, Canada",English,1,,Yes,Online (at home),Unable to verify (completed online) but likely mostly computers,"No, the whole study was on the computer (except maybe consent/debriefing)",Tversky.Gati|Shafir|Zhong|Norenzayan|Risen|Geissner|Knobe|Gray|Hauser|Tversky|Schwarz|Hsee|Zaval|Ross.Slate2|Savani,ID: Cognitive reflection|ID: Subjective wellbeing|ID: Mood|ID: TIPI for Big-Five|ID: Global self-esteem SISE,8,Global,all,TRUE
191,7,Adult harms Baby,ML2_Slate2_CanadaEng_online_DEPLOY__carleton_r.csv,carleton,7,,1,carleton,carleton,carleton,Canada,"Carleton University, Ottawa, Canada",English,1,,Yes,Online (at home),Unable to verify (completed online) but likely mostly computers,"No, the whole study was on the computer (except maybe consent/debriefing)",Zaval|Ross.Slate2|Tversky|Hauser|Shafir|Zhong|Knobe|Hsee|Geissner|Norenzayan|Gray|Tversky.Gati|Savani|Schwarz|Risen,ID: Subjective wellbeing|ID: Mood|ID: Global self-esteem SISE|ID: TIPI for Big-Five|ID: Cognitive reflection,11,Global,all,TRUE
192,7,Adult harms Baby,ML2_Slate2_CanadaEng_online_DEPLOY__carleton_r.csv,carleton,7,,1,carleton,carleton,carleton,Canada,"Carleton University, Ottawa, Canada",English,1,,Yes,Online (at home),Unable to verify (completed online) but likely mostly computers,"No, the whole study was on the computer (except maybe consent/debriefing)",Norenzayan|Knobe|Geissner|Risen|Gray|Schwarz|Shafir|Savani|Hauser|Ross.Slate2|Tversky|Tversky.Gati|Hsee|Zhong|Zaval,ID: TIPI for Big-Five|ID: Global self-esteem SISE|ID: Cognitive reflection|ID: Subjective wellbeing|ID: Mood,5,Global,all,TRUE
193,4,Adult harms Baby,ML2_Slate2_CanadaEng_online_DEPLOY__carleton_r.csv,carleton,4,,2,carleton,carleton,carleton,Canada,"Carleton University, Ottawa, Canada",English,1,,Yes,Online (at home),Unable to verify (completed online) but likely mostly computers,"No, the whole study was on the computer (except maybe consent/debriefing)",Zaval|Schwarz|Norenzayan|Shafir|Geissner|Ross.Slate2|Hsee|Gray|Hauser|Tversky|Risen|Tversky.Gati|Savani|Zhong|Knobe,ID: TIPI for Big-Five|ID: Mood|ID: Global self-esteem SISE|ID: Cognitive reflection|ID: Subjective wellbeing,8,Global,all,TRUE
195,6,Adult harms Baby,ML2_Slate2_CanadaEng_online_DEPLOY__carleton_r.csv,carleton,6,,2,carleton,carleton,carleton,Canada,"Carleton University, Ottawa, Canada",English,1,,Yes,Online (at home),Unable to verify (completed online) but likely mostly computers,"No, the whole study was on the computer (except maybe consent/debriefing)",Shafir|Zhong|Hauser|Savani|Tversky|Tversky.Gati|Geissner|Zaval|Hsee|Schwarz|Ross.Slate2|Norenzayan|Gray|Risen|Knobe,ID: Global self-esteem SISE|ID: Cognitive reflection|ID: Subjective wellbeing|ID: Mood|ID: TIPI for Big-Five,13,Global,all,TRUE
196,6,Adult harms Baby,ML2_Slate2_CanadaEng_online_DEPLOY__carleton_r.csv,carleton,6,,2,carleton,carleton,carleton,Canada,"Carleton University, Ottawa, Canada",English,1,,Yes,Online (at home),Unable to verify (completed online) but likely mostly computers,"No, the whole study was on the computer (except maybe consent/debriefing)",Shafir|Savani|Schwarz|Hsee|Zhong|Zaval|Risen|Norenzayan|Gray|Hauser|Tversky.Gati|Ross.Slate2|Tversky|Knobe|Geissner,ID: Subjective wellbeing|ID: TIPI for Big-Five|ID: Cognitive reflection|ID: Global self-esteem SISE|ID: Mood,9,Global,all,TRUE
199,3,Adult harms Baby,ML2_Slate2_CanadaEng_online_DEPLOY__carleton_r.csv,carleton,3,,2,carleton,carleton,carleton,Canada,"Carleton University, Ottawa, Canada",English,1,,Yes,Online (at home),Unable to verify (completed online) but likely mostly computers,"No, the whole study was on the computer (except maybe consent/debriefing)",Shafir|Savani|Hsee|Knobe|Tversky.Gati|Tversky|Ross.Slate2|Risen|Norenzayan|Zhong|Geissner|Gray|Zaval|Schwarz|Hauser,ID: Subjective wellbeing|ID: Global self-esteem SISE|ID: Mood|ID: Cognitive reflection|ID: TIPI for Big-Five,12,Global,all,TRUE
200,6,Adult harms Baby,ML2_Slate2_CanadaEng_online_DEPLOY__carleton_r.csv,carleton,6,,1,carleton,carleton,carleton,Canada,"Carleton University, Ottawa, Canada",English,1,,Yes,Online (at home),Unable to verify (completed online) but likely mostly computers,"No, the whole study was on the computer (except maybe consent/debriefing)",Knobe|Savani|Shafir|Gray|Risen|Ross.Slate2|Hsee|Zhong|Geissner|Schwarz|Hauser|Tversky|Norenzayan|Zaval|Tversky.Gati,ID: Cognitive reflection|ID: Subjective wellbeing|ID: Global self-esteem SISE|ID: TIPI for Big-Five|ID: Mood,4,Global,all,TRUE
203,5,Adult harms Baby,ML2_Slate2_CanadaEng_online_DEPLOY__carleton_r.csv,carleton,5,,2,carleton,carleton,carleton,Canada,"Carleton University, Ottawa, Canada",English,1,,Yes,Online (at home),Unable to verify (completed online) but likely mostly computers,"No, the whole study was on the computer (except maybe consent/debriefing)",Geissner|Tversky.Gati|Schwarz|Ross.Slate2|Shafir|Hauser|Norenzayan|Risen|Tversky|Savani|Zhong|Knobe|Zaval|Gray|Hsee,ID: Subjective wellbeing|ID: Global self-esteem SISE|ID: TIPI for Big-Five|ID: Mood|ID: Cognitive reflection,14,Global,all,TRUE
204,7,Adult harms Baby,ML2_Slate2_CanadaEng_online_DEPLOY__carleton_r.csv,carleton,7,,2,carleton,carleton,carleton,Canada,"Carleton University, Ottawa, Canada",English,1,,Yes,Online (at home),Unable to verify (completed online) but likely mostly computers,"No, the whole study was on the computer (except maybe consent/debriefing)",Tversky|Geissner|Gray|Zhong|Hsee|Schwarz|Hauser|Tversky.Gati|Norenzayan|Savani|Knobe|Ross.Slate2|Shafir|Risen|Zaval,ID: TIPI for Big-Five|ID: Mood|ID: Global self-esteem SISE|ID: Subjective wellbeing|ID: Cognitive reflection,3,Global,all,TRUE
205,7,Adult harms Baby,ML2_Slate2_CanadaEng_online_DEPLOY__carleton_r.csv,carleton,7,,2,carleton,carleton,carleton,Canada,"Carleton University, Ottawa, Canada",English,1,,Yes,Online (at home),Unable to verify (completed online) but likely mostly computers,"No, the whole study was on the computer (except maybe consent/debriefing)",Tversky.Gati|Shafir|Ross.Slate2|Risen|Norenzayan|Savani|Geissner|Schwarz|Knobe|Zaval|Zhong|Gray|Hsee|Tversky|Hauser,ID: Cognitive reflection|ID: TIPI for Big-Five|ID: Mood|ID: Subjective wellbeing|ID: Global self-esteem SISE,12,Global,all,TRUE
210,5,Adult harms Baby,ML2_Slate2_CanadaEng_online_DEPLOY__carleton_r.csv,carleton,5,,2,carleton,carleton,carleton,Canada,"Carleton University, Ottawa, Canada",English,1,,Yes,Online (at home),Unable to verify (completed online) but likely mostly computers,"No, the whole study was on the computer (except maybe consent/debriefing)",Knobe|Hauser|Zaval|Shafir|Tversky.Gati|Schwarz|Gray|Norenzayan|Geissner|Ross.Slate2|Risen|Hsee|Tversky|Savani|Zhong,ID: Mood|ID: Subjective wellbeing|ID: Global self-esteem SISE|ID: TIPI for Big-Five|ID: Cognitive reflection,7,Global,all,TRUE
211,4,Adult harms Baby,ML2_Slate2_CanadaEng_online_DEPLOY__carleton_r.csv,carleton,4,,2,carleton,carleton,carleton,Canada,"Carleton University, Ottawa, Canada",English,1,,Yes,Online (at home),Unable to verify (completed online) but likely mostly computers,"No, the whole study was on the computer (except maybe consent/debriefing)",Hauser|Hsee|Schwarz|Zaval|Zhong|Tversky|Savani|Geissner|Ross.Slate2|Norenzayan|Shafir|Knobe|Tversky.Gati|Gray|Risen,ID: Mood|ID: Cognitive reflection|ID: TIPI for Big-Five|ID: Subjective wellbeing|ID: Global self-esteem SISE,14,Global,all,TRUE
212,5,Adult harms Baby,ML2_Slate2_CanadaEng_online_DEPLOY__carleton_r.csv,carleton,5,,1,carleton,carleton,carleton,Canada,"Carleton University, Ottawa, Canada",English,1,,Yes,Online (at home),Unable to verify (completed online) but likely mostly computers,"No, the whole study was on the computer (except maybe consent/debriefing)",Schwarz|Risen|Geissner|Norenzayan|Zhong|Knobe|Shafir|Tversky|Hauser|Savani|Tversky.Gati|Ross.Slate2|Zaval|Gray|Hsee,ID: Mood|ID: Global self-esteem SISE|ID: Subjective wellbeing|ID: Cognitive reflection|ID: TIPI for Big-Five,14,Global,all,TRUE
214,7,Adult harms Baby,ML2_Slate2_CanadaEng_online_DEPLOY__carleton_r.csv,carleton,7,,2,carleton,carleton,carleton,Canada,"Carleton University, Ottawa, Canada",English,1,,Yes,Online (at home),Unable to verify (completed online) but likely mostly computers,"No, the whole study was on the computer (except maybe consent/debriefing)",Zhong|Risen|Knobe|Hauser|Schwarz|Tversky|Shafir|Geissner|Savani|Norenzayan|Ross.Slate2|Tversky.Gati|Zaval|Gray|Hsee,ID: Global self-esteem SISE|ID: Cognitive reflection|ID: Mood|ID: Subjective wellbeing|ID: TIPI for Big-Five,14,Global,all,TRUE
216,3,Adult harms Baby,ML2_Slate2_CanadaEng_online_DEPLOY__carleton_r.csv,carleton,3,,1,carleton,carleton,carleton,Canada,"Carleton University, Ottawa, Canada",English,1,,Yes,Online (at home),Unable to verify (completed online) but likely mostly computers,"No, the whole study was on the computer (except maybe consent/debriefing)",Shafir|Hauser|Zaval|Hsee|Geissner|Gray|Savani|Knobe|Tversky|Zhong|Ross.Slate2|Risen|Norenzayan|Tversky.Gati|Schwarz,ID: TIPI for Big-Five|ID: Subjective wellbeing|ID: Global self-esteem SISE|ID: Cognitive reflection|ID: Mood,6,Global,all,TRUE
217,5,Adult harms Baby,ML2_Slate2_CanadaEng_online_DEPLOY__carleton_r.csv,carleton,5,,2,carleton,carleton,carleton,Canada,"Carleton University, Ottawa, Canada",English,1,,Yes,Online (at home),Unable to verify (completed online) but likely mostly computers,"No, the whole study was on the computer (except maybe consent/debriefing)",Risen|Norenzayan|Tversky.Gati|Zaval|Hauser|Hsee|Knobe|Shafir|Gray|Zhong|Tversky|Geissner|Savani|Ross.Slate2|Schwarz,ID: TIPI for Big-Five|ID: Subjective wellbeing|ID: Cognitive reflection|ID: Global self-esteem SISE|ID: Mood,9,Global,all,TRUE
103,4,Baby harms Adult,ML2_Slate2_CanadaEng_online_DEPLOY__carleton_r.csv,carleton,,4,2,carleton,carleton,carleton,Canada,"Carleton University, Ottawa, Canada",English,1,,Yes,Online (at home),Unable to verify (completed online) but likely mostly computers,"No, the whole study was on the computer (except maybe consent/debriefing)",Tversky|Hauser|Hsee|Schwarz|Risen|Ross.Slate2|Shafir|Norenzayan|Zaval|Zhong|Tversky.Gati|Geissner|Knobe|Savani|Gray,ID: Mood|ID: Cognitive reflection|ID: Subjective wellbeing|ID: TIPI for Big-Five|ID: Global self-esteem SISE,15,Global,all,TRUE
106,1,Baby harms Adult,ML2_Slate2_CanadaEng_online_DEPLOY__carleton_r.csv,carleton,,1,2,carleton,carleton,carleton,Canada,"Carleton University, Ottawa, Canada",English,1,,Yes,Online (at home),Unable to verify (completed online) but likely mostly computers,"No, the whole study was on the computer (except maybe consent/debriefing)",Tversky.Gati|Shafir|Schwarz|Hsee|Geissner|Risen|Tversky|Savani|Gray|Zaval|Zhong|Ross.Slate2|Hauser|Norenzayan|Knobe,ID: Global self-esteem SISE|ID: Subjective wellbeing|ID: Mood|ID: TIPI for Big-Five|ID: Cognitive reflection,9,Global,all,TRUE
111,5,Baby harms Adult,ML2_Slate2_CanadaEng_online_DEPLOY__carleton_r.csv,carleton,,5,2,carleton,carleton,carleton,Canada,"Carleton University, Ottawa, Canada",English,1,,Yes,Online (at home),Unable to verify (completed online) but likely mostly computers,"No, the whole study was on the computer (except maybe consent/debriefing)",Tversky.Gati|Shafir|Knobe|Hsee|Geissner|Hauser|Gray|Tversky|Zaval|Norenzayan|Schwarz|Zhong|Ross.Slate2|Savani|Risen,ID: Cognitive reflection|ID: Subjective wellbeing|ID: TIPI for Big-Five|ID: Mood|ID: Global self-esteem SISE,7,Global,all,TRUE
113,5,Baby harms Adult,ML2_Slate2_CanadaEng_online_DEPLOY__carleton_r.csv,carleton,,5,2,carleton,carleton,carleton,Canada,"Carleton University, Ottawa, Canada",English,1,,Yes,Online (at home),Unable to verify (completed online) but likely mostly computers,"No, the whole study was on the computer (except maybe consent/debriefing)",Shafir|Ross.Slate2|Geissner|Hsee|Hauser|Savani|Zhong|Knobe|Schwarz|Tversky.Gati|Norenzayan|Tversky|Zaval|Risen|Gray,ID: Mood|ID: TIPI for Big-Five|ID: Global self-esteem SISE|ID: Subjective wellbeing|ID: Cognitive reflection,15,Global,all,TRUE
114,1,Baby harms Adult,ML2_Slate2_CanadaEng_online_DEPLOY__carleton_r.csv,carleton,,1,2,carleton,carleton,carleton,Canada,"Carleton University, Ottawa, Canada",English,1,,Yes,Online (at home),Unable to verify (completed online) but likely mostly computers,"No, the whole study was on the computer (except maybe consent/debriefing)",Savani|Shafir|Zhong|Risen|Hauser|Gray|Ross.Slate2|Geissner|Schwarz|Tversky|Hsee|Knobe|Tversky.Gati|Zaval|Norenzayan,ID: TIPI for Big-Five|ID: Mood|ID: Subjective wellbeing|ID: Cognitive reflection|ID: Global self-esteem SISE,6,Global,all,TRUE
119,2,Baby harms Adult,ML2_Slate2_CanadaEng_online_DEPLOY__carleton_r.csv,carleton,,2,2,carleton,carleton,carleton,Canada,"Carleton University, Ottawa, Canada",English,1,,Yes,Online (at home),Unable to verify (completed online) but likely mostly computers,"No, the whole study was on the computer (except maybe consent/debriefing)",Tversky.Gati|Gray|Knobe|Tversky|Hauser|Norenzayan|Hsee|Risen|Geissner|Schwarz|Zaval|Zhong|Ross.Slate2|Savani|Shafir,ID: Subjective wellbeing|ID: Cognitive reflection|ID: TIPI for Big-Five|ID: Mood|ID: Global self-esteem SISE,2,Global,all,TRUE
120,3,Baby harms Adult,ML2_Slate2_CanadaEng_online_DEPLOY__carleton_r.csv,carleton,,3,2,carleton,carleton,carleton,Canada,"Carleton University, Ottawa, Canada",English,1,,Yes,Online (at home),Unable to verify (completed online) but likely mostly computers,"No, the whole study was on the computer (except maybe consent/debriefing)",Ross.Slate2|Geissner|Schwarz|Hsee|Norenzayan|Knobe|Zaval|Hauser|Risen|Tversky.Gati|Gray|Savani|Zhong|Shafir|Tversky,ID: Global self-esteem SISE|ID: Mood|ID: Cognitive reflection|ID: TIPI for Big-Five|ID: Subjective wellbeing,11,Global,all,TRUE
121,4,Baby harms Adult,ML2_Slate2_CanadaEng_online_DEPLOY__carleton_r.csv,carleton,,4,2,carleton,carleton,carleton,Canada,"Carleton University, Ottawa, Canada",English,1,,Yes,Online (at home),Unable to verify (completed online) but likely mostly computers,"No, the whole study was on the computer (except maybe consent/debriefing)",Hsee|Gray|Ross.Slate2|Norenzayan|Tversky|Schwarz|Geissner|Savani|Tversky.Gati|Zaval|Knobe|Zhong|Hauser|Shafir|Risen,ID: Mood|ID: Cognitive reflection|ID: Global self-esteem SISE|ID: TIPI for Big-Five|ID: Subjective wellbeing,2,Global,all,TRUE
122,1,Baby harms Adult,ML2_Slate2_CanadaEng_online_DEPLOY__carleton_r.csv,carleton,,1,2,carleton,carleton,carleton,Canada,"Carleton University, Ottawa, Canada",English,1,,Yes,Online (at home),Unable to verify (completed online) but likely mostly computers,"No, the whole study was on the computer (except maybe consent/debriefing)",Norenzayan|Schwarz|Ross.Slate2|Zaval|Shafir|Risen|Hauser|Hsee|Zhong|Geissner|Gray|Savani|Knobe|Tversky|Tversky.Gati,ID: Subjective wellbeing|ID: Mood|ID: TIPI for Big-Five|ID: Global self-esteem SISE|ID: Cognitive reflection,11,Global,all,TRUE
123,5,Baby harms Adult,ML2_Slate2_CanadaEng_online_DEPLOY__carleton_r.csv,carleton,,5,2,carleton,carleton,carleton,Canada,"Carleton University, Ottawa, Canada",English,1,,Yes,Online (at home),Unable to verify (completed online) but likely mostly computers,"No, the whole study was on the computer (except maybe consent/debriefing)",Zaval|Hsee|Tversky|Hauser|Zhong|Risen|Knobe|Schwarz|Savani|Shafir|Geissner|Norenzayan|Gray|Tversky.Gati|Ross.Slate2,ID: Subjective wellbeing|ID: TIPI for Big-Five|ID: Global self-esteem SISE|ID: Cognitive reflection|ID: Mood,13,Global,all,TRUE
125,5,Baby harms Adult,ML2_Slate2_CanadaEng_online_DEPLOY__carleton_r.csv,carleton,,5,1,carleton,carleton,carleton,Canada,"Carleton University, Ottawa, Canada",English,1,,Yes,Online (at home),Unable to verify (completed online) but likely mostly computers,"No, the whole study was on the computer (except maybe consent/debriefing)",Hauser|Hsee|Risen|Schwarz|Geissner|Zaval|Savani|Ross.Slate2|Gray|Knobe|Tversky.Gati|Tversky|Zhong|Norenzayan|Shafir,ID: Subjective wellbeing|ID: Cognitive reflection|ID: Mood|ID: TIPI for Big-Five|ID: Global self-esteem SISE,9,Global,all,TRUE
127,2,Baby harms Adult,ML2_Slate2_CanadaEng_online_DEPLOY__carleton_r.csv,carleton,,2,2,carleton,carleton,carleton,Canada,"Carleton University, Ottawa, Canada",English,1,,Yes,Online (at home),Unable to verify (completed online) but likely mostly computers,"No, the whole study was on the computer (except maybe consent/debriefing)",Zaval|Hsee|Hauser|Risen|Ross.Slate2|Savani|Schwarz|Tversky|Knobe|Gray|Norenzayan|Tversky.Gati|Zhong|Geissner|Shafir,ID: Cognitive reflection|ID: TIPI for Big-Five|ID: Mood|ID: Global self-esteem SISE|ID: Subjective wellbeing,10,Global,all,TRUE
129,5,Baby harms Adult,ML2_Slate2_CanadaEng_online_DEPLOY__carleton_r.csv,carleton,,5,2,carleton,carleton,carleton,Canada,"Carleton University, Ottawa, Canada",English,1,,Yes,Online (at home),Unable to verify (completed online) but likely mostly computers,"No, the whole study was on the computer (except maybe consent/debriefing)",Norenzayan|Gray|Zhong|Knobe|Hauser|Zaval|Schwarz|Tversky.Gati|Geissner|Ross.Slate2|Shafir|Tversky|Risen|Savani|Hsee,ID: Global self-esteem SISE|ID: Mood|ID: Subjective wellbeing|ID: Cognitive reflection|ID: TIPI for Big-Five,2,Global,all,TRUE
132,1,Baby harms Adult,ML2_Slate2_CanadaEng_online_DEPLOY__carleton_r.csv,carleton,,1,2,carleton,carleton,carleton,Canada,"Carleton University, Ottawa, Canada",English,1,,Yes,Online (at home),Unable to verify (completed online) but likely mostly computers,"No, the whole study was on the computer (except maybe consent/debriefing)",Schwarz|Zaval|Knobe|Shafir|Zhong|Tversky.Gati|Savani|Ross.Slate2|Risen|Hauser|Tversky|Norenzayan|Hsee|Gray|Geissner,ID: Cognitive reflection|ID: Subjective wellbeing|ID: Global self-esteem SISE|ID: TIPI for Big-Five|ID: Mood,14,Global,all,TRUE
133,5,Baby harms Adult,ML2_Slate2_CanadaEng_online_DEPLOY__carleton_r.csv,carleton,,5,4,carleton,carleton,carleton,Canada,"Carleton University, Ottawa, Canada",English,1,,Yes,Online (at home),Unable to verify (completed online) but likely mostly computers,"No, the whole study was on the computer (except maybe consent/debriefing)",Zaval|Risen|Ross.Slate2|Knobe|Hsee|Tversky|Zhong|Gray|Tversky.Gati|Norenzayan|Savani|Shafir|Schwarz|Hauser|Geissner,ID: TIPI for Big-Five|ID: Mood|ID: Global self-esteem SISE|ID: Subjective wellbeing|ID: Cognitive reflection,8,Global,all,TRUE
135,7,Baby harms Adult,ML2_Slate2_CanadaEng_online_DEPLOY__carleton_r.csv,carleton,,7,2,carleton,carleton,carleton,Canada,"Carleton University, Ottawa, Canada",English,1,,Yes,Online (at home),Unable to verify (completed online) but likely mostly computers,"No, the whole study was on the computer (except maybe consent/debriefing)",Tversky|Zhong|Schwarz|Hauser|Norenzayan|Shafir|Risen|Gray|Ross.Slate2|Zaval|Tversky.Gati|Hsee|Geissner|Savani|Knobe,ID: TIPI for Big-Five|ID: Global self-esteem SISE|ID: Cognitive reflection|ID: Subjective wellbeing|ID: Mood,8,Global,all,TRUE
136,4,Baby harms Adult,ML2_Slate2_CanadaEng_online_DEPLOY__carleton_r.csv,carleton,,4,2,carleton,carleton,carleton,Canada,"Carleton University, Ottawa, Canada",English,1,,Yes,Online (at home),Unable to verify (completed online) but likely mostly computers,"No, the whole study was on the computer (except maybe consent/debriefing)",Tversky.Gati|Hsee|Risen|Geissner|Ross.Slate2|Zhong|Gray|Knobe|Zaval|Shafir|Tversky|Savani|Schwarz|Hauser|Norenzayan,ID: Cognitive reflection|ID: TIPI for Big-Five|ID: Mood|ID: Subjective wellbeing|ID: Global self-esteem SISE,7,Global,all,TRUE
137,7,Baby harms Adult,ML2_Slate2_CanadaEng_online_DEPLOY__carleton_r.csv,carleton,,7,2,carleton,carleton,carleton,Canada,"Carleton University, Ottawa, Canada",English,1,,Yes,Online (at home),Unable to verify (completed online) but likely mostly computers,"No, the whole study was on the computer (except maybe consent/debriefing)",Hauser|Zhong|Hsee|Knobe|Ross.Slate2|Tversky.Gati|Geissner|Shafir|Tversky|Risen|Gray|Zaval|Norenzayan|Savani|Schwarz,ID: Subjective wellbeing|ID: TIPI for Big-Five|ID: Mood|ID: Global self-esteem SISE|ID: Cognitive reflection,11,Global,all,TRUE
139,3,Baby harms Adult,ML2_Slate2_CanadaEng_online_DEPLOY__carleton_r.csv,carleton,,3,2,carleton,carleton,carleton,Canada,"Carleton University, Ottawa, Canada",English,1,,Yes,Online (at home),Unable to verify (completed online) but likely mostly computers,"No, the whole study was on the computer (except maybe consent/debriefing)",Tversky|Norenzayan|Ross.Slate2|Savani|Geissner|Shafir|Schwarz|Hauser|Tversky.Gati|Zaval|Risen|Knobe|Gray|Zhong|Hsee,ID: Global self-esteem SISE|ID: Cognitive reflection|ID: Mood|ID: TIPI for Big-Five|ID: Subjective wellbeing,13,Global,all,TRUE
140,5,Baby harms Adult,ML2_Slate2_CanadaEng_online_DEPLOY__carleton_r.csv,carleton,,5,2,carleton,carleton,carleton,Canada,"Carleton University, Ottawa, Canada",English,1,,Yes,Online (at home),Unable to verify (completed online) but likely mostly computers,"No, the whole study was on the computer (except maybe consent/debriefing)",Knobe|Tversky.Gati|Hsee|Gray|Schwarz|Geissner|Risen|Hauser|Zhong|Tversky|Shafir|Savani|Ross.Slate2|Norenzayan|Zaval,ID: Subjective wellbeing|ID: Mood|ID: Cognitive reflection|ID: Global self-esteem SISE|ID: TIPI for Big-Five,4,Global,all,TRUE
141,3,Baby harms Adult,ML2_Slate2_CanadaEng_online_DEPLOY__carleton_r.csv,carleton,,3,2,carleton,carleton,carleton,Canada,"Carleton University, Ottawa, Canada",English,1,,Yes,Online (at home),Unable to verify (completed online) but likely mostly computers,"No, the whole study was on the computer (except maybe consent/debriefing)",Zhong|Tversky.Gati|Tversky|Gray|Knobe|Geissner|Ross.Slate2|Savani|Hauser|Zaval|Hsee|Shafir|Norenzayan|Schwarz|Risen,ID: Mood|ID: Cognitive reflection|ID: Subjective wellbeing|ID: Global self-esteem SISE|ID: TIPI for Big-Five,4,Global,all,TRUE
143,5,Baby harms Adult,ML2_Slate2_CanadaEng_online_DEPLOY__carleton_r.csv,carleton,,5,2,carleton,carleton,carleton,Canada,"Carleton University, Ottawa, Canada",English,1,,Yes,Online (at home),Unable to verify (completed online) but likely mostly computers,"No, the whole study was on the computer (except maybe consent/debriefing)",Ross.Slate2|Tversky.Gati|Savani|Tversky|Hauser|Gray|Zaval|Zhong|Shafir|Norenzayan|Hsee|Risen|Knobe|Geissner|Schwarz,ID: Mood|ID: Global self-esteem SISE|ID: Cognitive reflection|ID: TIPI for Big-Five|ID: Subjective wellbeing,6,Global,all,TRUE
145,7,Baby harms Adult,ML2_Slate2_CanadaEng_online_DEPLOY__carleton_r.csv,carleton,,7,2,carleton,carleton,carleton,Canada,"Carleton University, Ottawa, Canada",English,1,,Yes,Online (at home),Unable to verify (completed online) but likely mostly computers,"No, the whole study was on the computer (except maybe consent/debriefing)",Schwarz|Zhong|Shafir|Savani|Zaval|Hsee|Norenzayan|Tversky.Gati|Ross.Slate2|Hauser|Geissner|Risen|Knobe|Tversky|Gray,ID: Global self-esteem SISE|ID: Mood|ID: TIPI for Big-Five|ID: Cognitive reflection|ID: Subjective wellbeing,15,Global,all,TRUE
147,7,Baby harms Adult,ML2_Slate2_CanadaEng_online_DEPLOY__carleton_r.csv,carleton,,7,2,carleton,carleton,carleton,Canada,"Carleton University, Ottawa, Canada",English,1,,Yes,Online (at home),Unable to verify (completed online) but likely mostly computers,"No, the whole study was on the computer (except maybe consent/debriefing)",Shafir|Zhong|Schwarz|Norenzayan|Hauser|Zaval|Ross.Slate2|Risen|Geissner|Gray|Knobe|Savani|Tversky.Gati|Tversky|Hsee,ID: Mood|ID: Global self-esteem SISE|ID: TIPI for Big-Five|ID: Cognitive reflection|ID: Subjective wellbeing,10,Global,all,TRUE
148,6,Baby harms Adult,ML2_Slate2_CanadaEng_online_DEPLOY__carleton_r.csv,carleton,,6,2,carleton,carleton,carleton,Canada,"Carleton University, Ottawa, Canada",English,1,,Yes,Online (at home),Unable to verify (completed online) but likely mostly computers,"No, the whole study was on the computer (except maybe consent/debriefing)",Shafir|Tversky|Hauser|Risen|Ross.Slate2|Gray|Zaval|Knobe|Hsee|Zhong|Savani|Geissner|Schwarz|Norenzayan|Tversky.Gati,ID: Subjective wellbeing|ID: Cognitive reflection|ID: Mood|ID: TIPI for Big-Five|ID: Global self-esteem SISE,6,Global,all,TRUE
149,5,Baby harms Adult,ML2_Slate2_CanadaEng_online_DEPLOY__carleton_r.csv,carleton,,5,2,carleton,carleton,carleton,Canada,"Carleton University, Ottawa, Canada",English,1,,Yes,Online (at home),Unable to verify (completed online) but likely mostly computers,"No, the whole study was on the computer (except maybe consent/debriefing)",Geissner|Tversky|Risen|Hsee|Knobe|Norenzayan|Savani|Zaval|Hauser|Tversky.Gati|Zhong|Schwarz|Shafir|Ross.Slate2|Gray,ID: Global self-esteem SISE|ID: Cognitive reflection|ID: TIPI for Big-Five|ID: Mood|ID: Subjective wellbeing,15,Global,all,TRUE
152,5,Baby harms Adult,ML2_Slate2_CanadaEng_online_DEPLOY__carleton_r.csv,carleton,,5,1,carleton,carleton,carleton,Canada,"Carleton University, Ottawa, Canada",English,1,,Yes,Online (at home),Unable to verify (completed online) but likely mostly computers,"No, the whole study was on the computer (except maybe consent/debriefing)",Ross.Slate2|Gray|Zaval|Tversky|Shafir|Knobe|Savani|Hsee|Tversky.Gati|Risen|Norenzayan|Zhong|Geissner|Hauser|Schwarz,ID: TIPI for Big-Five|ID: Mood|ID: Subjective wellbeing|ID: Cognitive reflection|ID: Global self-esteem SISE,2,Global,all,TRUE
153,5,Baby harms Adult,ML2_Slate2_CanadaEng_online_DEPLOY__carleton_r.csv,carleton,,5,2,carleton,carleton,carleton,Canada,"Carleton University, Ottawa, Canada",English,1,,Yes,Online (at home),Unable to verify (completed online) but likely mostly computers,"No, the whole study was on the computer (except maybe consent/debriefing)",Ross.Slate2|Zaval|Shafir|Tversky|Schwarz|Risen|Hauser|Gray|Hsee|Tversky.Gati|Zhong|Knobe|Savani|Geissner|Norenzayan,ID: Global self-esteem SISE|ID: TIPI for Big-Five|ID: Mood|ID: Subjective wellbeing|ID: Cognitive reflection,8,Global,all,TRUE
154,5,Baby harms Adult,ML2_Slate2_CanadaEng_online_DEPLOY__carleton_r.csv,carleton,,5,2,carleton,carleton,carleton,Canada,"Carleton University, Ottawa, Canada",English,1,,Yes,Online (at home),Unable to verify (completed online) but likely mostly computers,"No, the whole study was on the computer (except maybe consent/debriefing)",Ross.Slate2|Hsee|Schwarz|Geissner|Gray|Shafir|Zhong|Knobe|Tversky.Gati|Zaval|Tversky|Hauser|Savani|Risen|Norenzayan,ID: TIPI for Big-Five|ID: Cognitive reflection|ID: Mood|ID: Subjective wellbeing|ID: Global self-esteem SISE,5,Global,all,TRUE
155,5,Baby harms Adult,ML2_Slate2_CanadaEng_online_DEPLOY__carleton_r.csv,carleton,,5,2,carleton,carleton,carleton,Canada,"Carleton University, Ottawa, Canada",English,1,,Yes,Online (at home),Unable to verify (completed online) but likely mostly computers,"No, the whole study was on the computer (except maybe consent/debriefing)",Tversky|Gray|Zaval|Risen|Knobe|Zhong|Hauser|Hsee|Tversky.Gati|Ross.Slate2|Schwarz|Norenzayan|Savani|Shafir|Geissner,ID: TIPI for Big-Five|ID: Cognitive reflection|ID: Global self-esteem SISE|ID: Subjective wellbeing|ID: Mood,2,Global,all,TRUE
156,3,Baby harms Adult,ML2_Slate2_CanadaEng_online_DEPLOY__carleton_r.csv,carleton,,3,1,carleton,carleton,carleton,Canada,"Carleton University, Ottawa, Canada",English,1,,Yes,Online (at home),Unable to verify (completed online) but likely mostly computers,"No, the whole study was on the computer (except maybe consent/debriefing)",Ross.Slate2|Norenzayan|Hsee|Schwarz|Tversky|Zaval|Hauser|Shafir|Geissner|Tversky.Gati|Zhong|Risen|Gray|Savani|Knobe,ID: Mood|ID: Global self-esteem SISE|ID: TIPI for Big-Five|ID: Cognitive reflection|ID: Subjective wellbeing,13,Global,all,TRUE
157,5,Baby harms Adult,ML2_Slate2_CanadaEng_online_DEPLOY__carleton_r.csv,carleton,,5,2,carleton,carleton,carleton,Canada,"Carleton University, Ottawa, Canada",English,1,,Yes,Online (at home),Unable to verify (completed online) but likely mostly computers,"No, the whole study was on the computer (except maybe consent/debriefing)",Savani|Hsee|Geissner|Gray|Risen|Schwarz|Zaval|Knobe|Norenzayan|Hauser|Zhong|Ross.Slate2|Shafir|Tversky|Tversky.Gati,ID: TIPI for Big-Five|ID: Subjective wellbeing|ID: Mood|ID: Global self-esteem SISE|ID: Cognitive reflection,4,Global,all,TRUE
158,4,Baby harms Adult,ML2_Slate2_CanadaEng_online_DEPLOY__carleton_r.csv,carleton,,4,2,carleton,carleton,carleton,Canada,"Carleton University, Ottawa, Canada",English,1,,Yes,Online (at home),Unable to verify (completed online) but likely mostly computers,"No, the whole study was on the computer (except maybe consent/debriefing)",Zhong|Shafir|Hauser|Savani|Tversky|Schwarz|Gray|Ross.Slate2|Knobe|Zaval|Hsee|Tversky.Gati|Geissner|Risen|Norenzayan,ID: Global self-esteem SISE|ID: Subjective wellbeing|ID: Mood|ID: Cognitive reflection|ID: TIPI for Big-Five,7,Global,all,TRUE
162,2,Baby harms Adult,ML2_Slate2_CanadaEng_online_DEPLOY__carleton_r.csv,carleton,,2,2,carleton,carleton,carleton,Canada,"Carleton University, Ottawa, Canada",English,1,,Yes,Online (at home),Unable to verify (completed online) but likely mostly computers,"No, the whole study was on the computer (except maybe consent/debriefing)",Zhong|Zaval|Gray|Geissner|Ross.Slate2|Tversky|Hauser|Savani|Tversky.Gati|Hsee|Schwarz|Shafir|Risen|Knobe|Norenzayan,ID: Cognitive reflection|ID: TIPI for Big-Five|ID: Global self-esteem SISE|ID: Subjective wellbeing|ID: Mood,3,Global,all,TRUE
164,2,Baby harms Adult,ML2_Slate2_CanadaEng_online_DEPLOY__carleton_r.csv,carleton,,2,1,carleton,carleton,carleton,Canada,"Carleton University, Ottawa, Canada",English,1,,Yes,Online (at home),Unable to verify (completed online) but likely mostly computers,"No, the whole study was on the computer (except maybe consent/debriefing)",Knobe|Tversky|Savani|Tversky.Gati|Hsee|Hauser|Risen|Ross.Slate2|Zhong|Geissner|Gray|Zaval|Schwarz|Norenzayan|Shafir,ID: Cognitive reflection|ID: Subjective wellbeing|ID: Global self-esteem SISE|ID: Mood|ID: TIPI for Big-Five,11,Global,all,TRUE
168,1,Baby harms Adult,ML2_Slate2_CanadaEng_online_DEPLOY__carleton_r.csv,carleton,,1,2,carleton,carleton,carleton,Canada,"Carleton University, Ottawa, Canada",English,1,,Yes,Online (at home),Unable to verify (completed online) but likely mostly computers,"No, the whole study was on the computer (except maybe consent/debriefing)",Zhong|Shafir|Zaval|Geissner|Schwarz|Knobe|Hsee|Norenzayan|Hauser|Risen|Ross.Slate2|Tversky|Tversky.Gati|Gray|Savani,ID: Mood|ID: TIPI for Big-Five|ID: Cognitive reflection|ID: Global self-esteem SISE|ID: Subjective wellbeing,14,Global,all,TRUE
170,2,Baby harms Adult,ML2_Slate2_CanadaEng_online_DEPLOY__carleton_r.csv,carleton,,2,2,carleton,carleton,carleton,Canada,"Carleton University, Ottawa, Canada",English,1,,Yes,Online (at home),Unable to verify (completed online) but likely mostly computers,"No, the whole study was on the computer (except maybe consent/debriefing)",Norenzayan|Zaval|Gray|Shafir|Savani|Hauser|Geissner|Risen|Zhong|Tversky|Schwarz|Knobe|Tversky.Gati|Ross.Slate2|Hsee,ID: Cognitive reflection|ID: TIPI for Big-Five|ID: Subjective wellbeing|ID: Global self-esteem SISE|ID: Mood,3,Global,all,TRUE
171,5,Baby harms Adult,ML2_Slate2_CanadaEng_online_DEPLOY__carleton_r.csv,carleton,,5,2,carleton,carleton,carleton,Canada,"Carleton University, Ottawa, Canada",English,1,,Yes,Online (at home),Unable to verify (completed online) but likely mostly computers,"No, the whole study was on the computer (except maybe consent/debriefing)",Zhong|Norenzayan|Tversky.Gati|Zaval|Hsee|Ross.Slate2|Hauser|Tversky|Schwarz|Geissner|Knobe|Shafir|Risen|Gray|Savani,ID: Cognitive reflection|ID: Mood|ID: TIPI for Big-Five|ID: Subjective wellbeing|ID: Global self-esteem SISE,14,Global,all,TRUE
173,1,Baby harms Adult,ML2_Slate2_CanadaEng_online_DEPLOY__carleton_r.csv,carleton,,1,1,carleton,carleton,carleton,Canada,"Carleton University, Ottawa, Canada",English,1,,Yes,Online (at home),Unable to verify (completed online) but likely mostly computers,"No, the whole study was on the computer (except maybe consent/debriefing)",Schwarz|Shafir|Norenzayan|Risen|Tversky.Gati|Savani|Ross.Slate2|Hsee|Tversky|Zaval|Knobe|Gray|Geissner|Hauser|Zhong,ID: Cognitive reflection|ID: Subjective wellbeing|ID: Mood|ID: TIPI for Big-Five|ID: Global self-esteem SISE,12,Global,all,TRUE
179,7,Baby harms Adult,ML2_Slate2_CanadaEng_online_DEPLOY__carleton_r.csv,carleton,,7,2,carleton,carleton,carleton,Canada,"Carleton University, Ottawa, Canada",English,1,,Yes,Online (at home),Unable to verify (completed online) but likely mostly computers,"No, the whole study was on the computer (except maybe consent/debriefing)",Knobe|Hsee|Zaval|Tversky|Geissner|Zhong|Hauser|Risen|Norenzayan|Shafir|Tversky.Gati|Ross.Slate2|Gray|Savani|Schwarz,ID: Subjective wellbeing|ID: Cognitive reflection|ID: Global self-esteem SISE|ID: Mood|ID: TIPI for Big-Five,13,Global,all,TRUE
183,5,Baby harms Adult,ML2_Slate2_CanadaEng_online_DEPLOY__carleton_r.csv,carleton,,5,2,carleton,carleton,carleton,Canada,"Carleton University, Ottawa, Canada",English,1,,Yes,Online (at home),Unable to verify (completed online) but likely mostly computers,"No, the whole study was on the computer (except maybe consent/debriefing)",Tversky.Gati|Zhong|Schwarz|Knobe|Gray|Savani|Risen|Hsee|Zaval|Norenzayan|Shafir|Ross.Slate2|Hauser|Tversky|Geissner,ID: Global self-esteem SISE|ID: Mood|ID: Cognitive reflection|ID: Subjective wellbeing|ID: TIPI for Big-Five,5,Global,all,TRUE
185,4,Baby harms Adult,ML2_Slate2_CanadaEng_online_DEPLOY__carleton_r.csv,carleton,,4,2,carleton,carleton,carleton,Canada,"Carleton University, Ottawa, Canada",English,1,,Yes,Online (at home),Unable to verify (completed online) but likely mostly computers,"No, the whole study was on the computer (except maybe consent/debriefing)",Ross.Slate2|Risen|Norenzayan|Schwarz|Hauser|Shafir|Knobe|Hsee|Tversky|Zaval|Geissner|Savani|Tversky.Gati|Zhong|Gray,ID: Global self-esteem SISE|ID: Mood|ID: TIPI for Big-Five|ID: Cognitive reflection|ID: Subjective wellbeing,15,Global,all,TRUE
187,3,Baby harms Adult,ML2_Slate2_CanadaEng_online_DEPLOY__carleton_r.csv,carleton,,3,2,carleton,carleton,carleton,Canada,"Carleton University, Ottawa, Canada",English,1,,Yes,Online (at home),Unable to verify (completed online) but likely mostly computers,"No, the whole study was on the computer (except maybe consent/debriefing)",Tversky.Gati|Knobe|Zhong|Risen|Hauser|Norenzayan|Zaval|Ross.Slate2|Tversky|Geissner|Gray|Hsee|Schwarz|Savani|Shafir,ID: Mood|ID: Global self-esteem SISE|ID: Cognitive reflection|ID: Subjective wellbeing|ID: TIPI for Big-Five,11,Global,all,TRUE
194,5,Baby harms Adult,ML2_Slate2_CanadaEng_online_DEPLOY__carleton_r.csv,carleton,,5,2,carleton,carleton,carleton,Canada,"Carleton University, Ottawa, Canada",English,1,,Yes,Online (at home),Unable to verify (completed online) but likely mostly computers,"No, the whole study was on the computer (except maybe consent/debriefing)",Norenzayan|Hauser|Geissner|Risen|Ross.Slate2|Zhong|Shafir|Knobe|Tversky.Gati|Tversky|Schwarz|Savani|Gray|Hsee|Zaval,ID: Global self-esteem SISE|ID: Subjective wellbeing|ID: TIPI for Big-Five|ID: Cognitive reflection|ID: Mood,13,Global,all,TRUE
197,2,Baby harms Adult,ML2_Slate2_CanadaEng_online_DEPLOY__carleton_r.csv,carleton,,2,1,carleton,carleton,carleton,Canada,"Carleton University, Ottawa, Canada",English,1,,Yes,Online (at home),Unable to verify (completed online) but likely mostly computers,"No, the whole study was on the computer (except maybe consent/debriefing)",Risen|Tversky.Gati|Hauser|Savani|Tversky|Hsee|Gray|Zaval|Shafir|Geissner|Ross.Slate2|Schwarz|Knobe|Zhong|Norenzayan,ID: Subjective wellbeing|ID: Global self-esteem SISE|ID: Mood|ID: TIPI for Big-Five|ID: Cognitive reflection,7,Global,all,TRUE
198,3,Baby harms Adult,ML2_Slate2_CanadaEng_online_DEPLOY__carleton_r.csv,carleton,,3,1,carleton,carleton,carleton,Canada,"Carleton University, Ottawa, Canada",English,1,,Yes,Online (at home),Unable to verify (completed online) but likely mostly computers,"No, the whole study was on the computer (except maybe consent/debriefing)",Norenzayan|Gray|Ross.Slate2|Shafir|Hauser|Tversky|Tversky.Gati|Savani|Schwarz|Geissner|Zaval|Zhong|Hsee|Risen|Knobe,ID: Cognitive reflection|ID: Subjective wellbeing|ID: Global self-esteem SISE|ID: TIPI for Big-Five|ID: Mood,2,Global,all,TRUE
201,2,Baby harms Adult,ML2_Slate2_CanadaEng_online_DEPLOY__carleton_r.csv,carleton,,2,2,carleton,carleton,carleton,Canada,"Carleton University, Ottawa, Canada",English,1,,Yes,Online (at home),Unable to verify (completed online) but likely mostly computers,"No, the whole study was on the computer (except maybe consent/debriefing)",Knobe|Hsee|Schwarz|Risen|Hauser|Shafir|Norenzayan|Tversky|Zhong|Geissner|Zaval|Tversky.Gati|Ross.Slate2|Savani|Gray,ID: Subjective wellbeing|ID: Global self-esteem SISE|ID: Mood|ID: Cognitive reflection|ID: TIPI for Big-Five,15,Global,all,TRUE
202,1,Baby harms Adult,ML2_Slate2_CanadaEng_online_DEPLOY__carleton_r.csv,carleton,,1,2,carleton,carleton,carleton,Canada,"Carleton University, Ottawa, Canada",English,1,,Yes,Online (at home),Unable to verify (completed online) but likely mostly computers,"No, the whole study was on the computer (except maybe consent/debriefing)",Zaval|Ross.Slate2|Hsee|Knobe|Shafir|Risen|Tversky|Schwarz|Zhong|Norenzayan|Tversky.Gati|Hauser|Geissner|Savani|Gray,ID: Mood|ID: TIPI for Big-Five|ID: Subjective wellbeing|ID: Global self-esteem SISE|ID: Cognitive reflection,15,Global,all,TRUE
206,4,Baby harms Adult,ML2_Slate2_CanadaEng_online_DEPLOY__carleton_r.csv,carleton,,4,2,carleton,carleton,carleton,Canada,"Carleton University, Ottawa, Canada",English,1,,Yes,Online (at home),Unable to verify (completed online) but likely mostly computers,"No, the whole study was on the computer (except maybe consent/debriefing)",Norenzayan|Geissner|Ross.Slate2|Risen|Schwarz|Shafir|Gray|Zhong|Savani|Hsee|Zaval|Knobe|Hauser|Tversky.Gati|Tversky,ID: TIPI for Big-Five|ID: Cognitive reflection|ID: Subjective wellbeing|ID: Global self-esteem SISE|ID: Mood,7,Global,all,TRUE
207,5,Baby harms Adult,ML2_Slate2_CanadaEng_online_DEPLOY__carleton_r.csv,carleton,,5,2,carleton,carleton,carleton,Canada,"Carleton University, Ottawa, Canada",English,1,,Yes,Online (at home),Unable to verify (completed online) but likely mostly computers,"No, the whole study was on the computer (except maybe consent/debriefing)",Tversky.Gati|Hsee|Ross.Slate2|Zhong|Hauser|Zaval|Tversky|Schwarz|Norenzayan|Geissner|Gray|Shafir|Risen|Knobe|Savani,ID: Global self-esteem SISE|ID: Subjective wellbeing|ID: TIPI for Big-Five|ID: Cognitive reflection|ID: Mood,11,Global,all,TRUE
208,3,Baby harms Adult,ML2_Slate2_CanadaEng_online_DEPLOY__carleton_r.csv,carleton,,3,2,carleton,carleton,carleton,Canada,"Carleton University, Ottawa, Canada",English,1,,Yes,Online (at home),Unable to verify (completed online) but likely mostly computers,"No, the whole study was on the computer (except maybe consent/debriefing)",Zaval|Hauser|Shafir|Norenzayan|Knobe|Gray|Zhong|Hsee|Schwarz|Risen|Tversky|Savani|Tversky.Gati|Geissner|Ross.Slate2,ID: Cognitive reflection|ID: Mood|ID: Global self-esteem SISE|ID: Subjective wellbeing|ID: TIPI for Big-Five,6,Global,all,TRUE
209,6,Baby harms Adult,ML2_Slate2_CanadaEng_online_DEPLOY__carleton_r.csv,carleton,,6,2,carleton,carleton,carleton,Canada,"Carleton University, Ottawa, Canada",English,1,,Yes,Online (at home),Unable to verify (completed online) but likely mostly computers,"No, the whole study was on the computer (except maybe consent/debriefing)",Shafir|Hauser|Ross.Slate2|Tversky.Gati|Savani|Tversky|Hsee|Geissner|Norenzayan|Schwarz|Gray|Knobe|Risen|Zaval|Zhong,ID: Mood|ID: Cognitive reflection|ID: Subjective wellbeing|ID: TIPI for Big-Five|ID: Global self-esteem SISE,11,Global,all,TRUE
213,5,Baby harms Adult,ML2_Slate2_CanadaEng_online_DEPLOY__carleton_r.csv,carleton,,5,2,carleton,carleton,carleton,Canada,"Carleton University, Ottawa, Canada",English,1,,Yes,Online (at home),Unable to verify (completed online) but likely mostly computers,"No, the whole study was on the computer (except maybe consent/debriefing)",Gray|Hsee|Ross.Slate2|Savani|Geissner|Shafir|Hauser|Risen|Zaval|Tversky|Schwarz|Zhong|Tversky.Gati|Knobe|Norenzayan,ID: Subjective wellbeing|ID: Global self-esteem SISE|ID: Cognitive reflection|ID: Mood|ID: TIPI for Big-Five,1,Global,all,TRUE
215,5,Baby harms Adult,ML2_Slate2_CanadaEng_online_DEPLOY__carleton_r.csv,carleton,,5,4,carleton,carleton,carleton,Canada,"Carleton University, Ottawa, Canada",English,1,,Yes,Online (at home),Unable to verify (completed online) but likely mostly computers,"No, the whole study was on the computer (except maybe consent/debriefing)",Knobe|Tversky.Gati|Norenzayan|Ross.Slate2|Hsee|Risen|Gray|Zaval|Zhong|Schwarz|Tversky|Geissner|Shafir|Hauser|Savani,ID: Mood|ID: Global self-esteem SISE|ID: Subjective wellbeing|ID: Cognitive reflection|ID: TIPI for Big-Five,7,Global,all,TRUE
218,5,Baby harms Adult,ML2_Slate2_CanadaEng_online_DEPLOY__carleton_r.csv,carleton,,5,4,carleton,carleton,carleton,Canada,"Carleton University, Ottawa, Canada",English,1,,Yes,Online (at home),Unable to verify (completed online) but likely mostly computers,"No, the whole study was on the computer (except maybe consent/debriefing)",Schwarz|Tversky.Gati|Hsee|Zhong|Tversky|Shafir|Ross.Slate2|Norenzayan|Hauser|Geissner|Gray|Knobe|Savani|Risen|Zaval,ID: Cognitive reflection|ID: Mood|ID: Global self-esteem SISE|ID: Subjective wellbeing|ID: TIPI for Big-Five,11,Global,all,TRUE
